"Player","Team","REC","YDS","TDS","ATT","YDS","TDS","FL","FPTS"
" ","","",""
"Puka Nacua","LAR","117.0","1539.0","9.0","12.9","85.0","1.3","1.0","281.0"
"Ja'Marr Chase","CIN","121.3","1511.4","10.6","3.0","17.0","0.0","1.0","275.2"
"Jaxon Smith-Njigba","SEA","110.9","1567.9","9.5","5.5","30.4","0.1","1.1","270.5"
"Amon-Ra St. Brown","DET","117.4","1391.0","10.5","3.1","11.8","0.0","0.4","261.3"
"Drake London","ATL","98.4","1272.9","8.8","0.0","0.0","0.0","1.0","227.1"
"CeeDee Lamb","DAL","97.2","1294.6","7.5","2.4","12.6","0.0","0.3","224.0"
"Justin Jefferson","MIN","98.8","1310.8","6.8","1.3","5.6","0.0","0.3","221.4"
"Rashee Rice","KC","96.5","1069.2","9.6","5.8","25.9","0.9","0.6","219.2"
"Chris Olave","NO","95.7","1196.0","8.2","0.3","0.0","0.0","0.3","216.1"
"A.J. Brown","NE","87.7","1233.5","7.7","0.0","0.0","0.0","0.3","212.7"
"George Pickens","DAL","82.3","1200.4","8.4","0.3","-0.3","0.0","0.4","210.6"
"Nico Collins","HOU","82.6","1209.7","7.6","1.4","8.3","0.4","0.8","209.1"
"Zay Flowers","BAL","81.2","1156.6","6.5","9.9","58.8","0.5","1.5","201.0"
"Malik Nabers","NYG","82.1","1079.6","8.4","2.8","8.3","0.1","0.4","199.8"
"Garrett Wilson","NYJ","96.4","1095.5","6.4","1.1","4.3","0.0","1.1","194.8"
"Tetairoa McMillan","CAR","81.1","1145.1","6.6","0.0","0.0","0.0","0.9","193.1"
"DeVonta Smith","PHI","87.8","1136.5","6.0","0.0","0.0","0.0","0.3","193.1"
"Emeka Egbuka","TB","73.2","1096.9","7.5","1.4","7.3","0.0","0.3","191.6"
"Davante Adams","LAR","68.9","925.2","10.2","0.0","0.0","0.0","0.2","187.8"
"Tee Higgins","CIN","70.8","965.3","9.1","0.0","0.0","0.0","0.2","186.2"
"Jameson Williams","DET","64.4","1065.8","6.6","7.3","42.1","0.5","0.2","185.1"
"Ladd McConkey","LAC","79.2","1009.1","6.4","0.0","0.0","0.0","0.3","178.6"
"Terry McLaurin","WAS","68.6","971.1","7.4","0.3","0.3","0.0","0.3","175.0"
"Rome Odunze","CHI","62.6","964.9","7.8","0.3","1.3","0.0","0.3","174.1"
"DJ Moore","BUF","69.1","904.6","7.0","10.3","54.0","0.5","0.8","173.6"
"Jaylen Waddle","DEN","74.5","991.9","6.0","1.7","12.4","0.0","0.3","173.2"
"Luther Burden III","CHI","72.6","974.5","5.7","7.7","37.9","0.1","0.3","171.8"
"Christian Watson","GB","58.0","923.3","7.7","1.7","8.6","0.0","0.3","168.3"
"Courtland Sutton","DEN","67.4","884.4","7.2","0.0","0.0","0.0","0.2","164.8"
"Alec Pierce","IND","56.3","974.9","6.4","0.0","0.0","0.0","0.2","163.7"
"Marvin Harrison Jr.","ARI","66.2","946.2","6.0","0.0","0.0","0.0","0.3","163.2"
"Mike Evans","SF","64.9","914.5","6.6","0.0","0.0","0.0","0.2","163.1"
"DK Metcalf","PIT","64.3","926.4","6.1","0.7","3.3","0.3","0.2","163.0"
"Parker Washington","JAC","62.6","862.5","5.7","5.0","13.7","0.1","0.4","153.0"
"Brian Thomas Jr.","JAC","58.0","870.9","5.4","2.7","17.7","0.4","0.2","152.1"
"Michael Pittman Jr.","PIT","80.5","805.6","5.0","0.0","0.0","0.0","0.3","150.0"
"Carnell Tate","TEN","65.2","887.0","4.5","0.7","3.0","0.0","1.4","145.7"
"Jayden Reed","GB","63.2","752.8","4.8","12.6","94.5","0.2","0.4","145.4"
"Jakobi Meyers","JAC","68.3","787.3","5.1","4.3","22.7","0.1","0.8","144.6"
"Michael Wilson","ARI","67.5","839.7","4.5","0.0","0.7","0.0","0.2","144.1"
"Quentin Johnston","LAC","53.6","756.2","6.9","1.7","5.9","0.0","0.7","143.0"
"Chris Godwin Jr.","TB","67.8","773.4","5.2","0.3","0.3","0.0","0.3","141.8"
"Jordan Addison","MIN","55.3","758.3","5.4","2.7","37.2","0.4","0.2","141.5"
"Xavier Worthy","KC","55.2","721.8","4.2","15.8","101.4","0.9","0.2","140.0"
"Wan'Dale Robinson","TEN","79.9","805.1","3.0","2.0","9.5","0.1","0.3","139.0"
"De'Zhaun Stribling","SF","56.1","829.2","4.9","1.5","6.5","0.0","1.3","138.4"
"Matthew Golden","GB","58.0","780.1","4.6","6.1","30.8","0.1","0.4","137.4"
"Deebo Samuel Sr.","SF","56.8","638.8","4.4","29.1","112.1","1.1","0.4","135.3"
"Romeo Doubs","NE","57.1","745.1","5.5","0.0","0.0","0.0","0.3","135.3"
"Stefon Diggs","WAS","68.3","761.1","4.2","0.3","0.7","0.0","0.3","135.1"
"KC Concepcion","CLE","63.8","792.5","3.6","4.2","22.5","0.1","1.3","132.8"
"Rashid Shaheed","SEA","49.9","754.7","3.8","13.4","88.9","0.3","0.8","131.7"
"Khalil Shakir","BUF","69.7","725.8","3.9","1.1","5.5","0.0","0.8","130.1"
"Josh Downs","IND","69.0","704.6","4.2","1.4","4.2","0.0","0.8","129.4"
"Jalen Coker","CAR","60.1","716.8","4.5","0.0","0.0","0.0","0.8","127.1"
"Jerry Jeudy","CLE","59.0","775.4","3.4","0.5","2.0","0.0","0.7","125.9"
"Calvin Ridley","TEN","46.7","761.7","3.2","4.5","27.5","0.6","0.2","124.7"
"Makai Lemon","PHI","52.6","736.8","4.3","1.5","6.5","0.0","1.3","124.1"
"Denzel Boston","CLE","59.2","737.6","3.5","1.0","5.0","0.0","1.3","122.1"
"Tre Tucker","LV","50.2","631.8","3.8","11.2","54.7","0.2","0.1","117.0"
"Rashod Bateman","BAL","38.8","598.2","6.0","0.0","0.0","0.0","0.2","114.8"
"Kayshon Boutte","HOU","45.1","628.2","4.8","0.0","0.0","0.0","0.2","113.7"
"Keenan Allen","IND","58.4","606.9","3.9","0.0","0.0","0.0","0.3","112.4"
"Ja'Kobi Lane","BAL","39.2","591.6","5.4","1.5","8.5","0.0","0.7","110.6"
"Jalen McMillan","TB","46.6","606.1","3.9","4.7","26.8","0.1","0.2","110.4"
"Jauan Jennings","MIN","48.9","557.7","5.2","0.0","0.0","0.0","0.7","109.9"
"Jalen Nailor","LV","43.6","587.8","4.0","2.0","9.0","0.0","0.2","105.4"
"Devaughn Vele","NO","47.7","567.4","3.7","0.0","0.0","0.0","0.2","102.3"
"Cooper Kupp","SEA","47.4","583.8","3.4","0.5","1.5","0.0","0.7","101.4"
"Jaylin Noel","HOU","45.3","517.0","3.6","5.1","17.6","0.1","0.3","97.5"
"Adonai Mitchell","NYJ","40.0","551.8","3.3","2.1","5.1","0.1","0.7","94.5"
"Jordyn Tyson","NO","38.8","538.6","2.9","1.0","4.0","0.0","0.7","89.4"
"Dontayvion Wicks","PHI","39.7","520.1","2.9","0.0","0.0","0.0","0.4","88.5"
"Germie Bernard","PIT","41.2","507.6","2.9","2.1","10.8","0.0","0.7","88.5"
"Malik Washington","MIA","45.1","410.7","2.3","13.5","80.4","0.7","0.8","88.5"
"Chris Bell","MIA","40.6","516.1","2.8","1.0","5.5","0.0","0.7","88.0"
"Antonio Williams","WAS","35.4","495.9","3.1","3.5","18.7","0.1","1.2","86.3"
"Caleb Douglas","MIA","39.2","507.4","2.5","1.0","5.5","0.0","0.7","84.7"
"Omar Cooper Jr.","NYJ","38.5","458.5","3.1","2.1","12.5","0.1","0.7","84.0"
"Travis Hunter","JAC","38.1","451.6","3.1","2.0","10.8","0.1","0.4","83.2"
"Xavier Hutchinson","HOU","38.7","473.4","2.5","2.1","14.2","0.0","0.2","83.1"
"Tyquan Thornton","KC","25.4","466.5","3.5","0.0","0.0","0.0","0.1","80.0"
"Darius Slayton","NYG","35.2","503.9","1.9","1.6","8.6","0.0","0.7","79.2"
"Tory Horton","SEA","30.3","400.5","4.2","0.5","3.0","0.0","0.6","79.2"
"Troy Franklin","DEN","36.5","403.1","3.4","3.0","10.8","0.0","0.6","79.0"
"Xavier Legette","CAR","35.7","416.9","2.6","2.1","10.9","0.1","0.4","75.8"
"Jahan Dotson","ATL","35.2","443.3","2.3","0.0","0.0","0.0","0.3","74.9"
"Bryce Lance","NO","34.7","460.8","2.0","1.0","5.0","0.0","1.1","73.6"
"Tre' Harris","LAC","34.5","410.5","2.5","0.0","0.0","0.0","0.4","72.5"
"Isaac TeSlaa","DET","25.4","352.4","4.1","0.0","0.0","0.0","0.1","72.4"
"Ryan Flournoy","DAL","33.8","383.1","2.7","2.2","12.4","0.1","0.4","72.2"
"Jalen Tolbert","MIA","35.3","442.1","1.7","0.0","0.0","0.0","0.3","71.6"
"Malik Benson","LV","35.3","419.0","2.0","1.0","4.0","0.0","0.6","70.5"
"Malachi Fields","NYG","32.7","408.0","2.2","0.0","0.0","0.0","0.3","69.7"
"Andrei Iosivas","CIN","29.5","373.3","2.7","2.5","11.0","0.0","0.1","69.6"
"Ted Hurst III","TB","28.9","389.3","2.6","1.0","6.5","0.0","0.6","68.2"
"Hollywood Brown","PHI","28.3","352.1","3.0","0.0","0.0","0.0","0.1","67.3"
"Elic Ayomanor","TEN","25.4","342.2","3.3","0.0","0.0","0.0","0.0","66.7"
"DeMario Douglas","NE","30.2","365.5","2.0","4.1","21.5","0.2","0.4","66.3"
"Chimere Dike","TEN","27.8","271.1","3.4","10.1","33.6","0.3","0.6","65.2"
"Zachariah Branch","ATL","31.4","381.7","1.9","0.0","0.0","0.0","0.3","64.6"
"Keon Coleman","BUF","24.4","337.9","2.8","0.0","0.0","0.0","0.2","62.5"
"Joshua Palmer","BUF","26.9","354.7","1.7","0.0","0.0","0.0","0.1","59.0"
"Pat Bryant","DEN","28.4","320.2","2.1","0.0","0.0","0.0","0.3","58.3"
"Ashton Dulin","IND","17.6","338.9","1.3","5.1","46.2","0.1","0.1","55.5"
"Marvin Mims Jr.","DEN","24.1","272.9","1.6","8.2","45.1","0.3","0.4","54.7"
"KaVontae Turpin","DAL","17.9","226.7","1.7","17.8","103.0","0.4","0.4","54.0"
"Kevin Coleman Jr.","MIA","27.1","352.0","0.9","0.0","0.0","0.0","0.3","53.3"
"Zavion Thomas","CHI","23.3","305.0","2.1","1.5","6.5","0.0","1.1","53.3"
"Devontez Walker","BAL","18.2","304.8","2.2","0.0","1.5","0.0","0.1","53.0"
"Darnell Mooney","NYG","21.5","308.4","1.7","2.2","11.9","0.1","0.2","52.8"
"Jack Bech","LV","27.7","315.2","1.2","0.0","0.0","0.0","0.3","51.9"
"Jahdae Walker","CHI","17.6","232.8","2.7","0.5","3.5","0.0","0.0","48.4"
"Demarcus Robinson","SF","19.3","275.9","1.8","0.5","2.5","0.0","0.0","48.2"
"Mack Hollins","NE","21.5","257.8","1.6","0.0","0.0","0.0","0.2","45.8"
"Tank Dell","HOU","19.0","241.5","1.5","4.5","20.0","0.0","0.0","44.7"
"Christian Kirk","SF","21.0","242.5","1.5","0.0","0.0","0.0","0.0","43.8"
"Cyrus Allen","KC","19.4","245.0","1.5","0.0","0.0","0.0","0.2","43.0"
"Luke McCaffrey","WAS","14.3","221.0","2.3","0.0","0.0","0.0","0.0","42.7"
"Kyle Williams","NE","15.9","229.7","1.4","4.1","22.4","0.2","0.2","42.2"
"Theo Wease Jr.","LAC","16.0","233.0","1.3","0.0","0.0","0.0","0.0","39.1"
"Kendrick Bourne","ARI","22.8","239.1","0.7","0.0","0.0","0.0","0.2","38.8"
"Dyami Brown","WAS","15.8","216.5","1.6","0.0","0.0","0.0","0.2","38.7"
"Treylon Burks","WAS","15.0","217.3","1.4","0.0","0.0","0.0","0.1","37.1"
"Kalif Raymond","CHI","19.4","187.5","0.9","4.5","26.8","0.2","0.2","36.9"
"Savion Williams","GB","13.3","148.7","1.1","8.8","46.0","0.4","0.2","34.4"
"Isaiah Bond","CLE","11.4","151.7","0.9","4.3","23.6","0.1","0.2","29.0"
"Skyler Bell","BUF","12.1","163.5","1.0","0.0","0.0","0.0","0.1","27.9"
"Tutu Atwell","LAR","9.7","139.2","0.9","2.3","12.0","0.1","0.1","26.0"
"Olamide Zaccheaus","ATL","14.3","142.3","0.6","0.0","0.0","0.0","0.2","24.8"
"Colbie Young","CIN","10.6","131.2","1.0","0.0","0.0","0.0","0.1","24.2"
"Roman Wilson","PIT","11.8","135.0","0.6","0.0","0.0","0.0","0.1","22.9"
"Brenen Thompson","LAC","9.5","121.7","0.7","2.1","11.3","0.1","0.1","22.7"
"Isaiah Williams","NYJ","11.8","114.5","0.4","2.2","12.7","0.1","0.1","21.6"
"Jaylin Lane","WAS","9.3","118.7","0.8","0.0","0.0","0.0","0.1","21.2"
"Elijah Sarratt","BAL","8.3","123.6","0.8","0.0","0.0","0.0","0.1","20.9"
"Odell Beckham Jr.","NYG","9.2","113.1","0.6","0.0","0.0","0.0","0.1","19.3"
"Tez Johnson","TB","6.7","77.5","0.6","4.4","23.2","0.2","0.1","18.1"
"Jimmy Horn Jr.","CAR","6.6","75.5","0.4","6.2","37.0","0.2","0.1","17.9"
"Jordan Whittington","LAR","7.5","84.7","0.6","2.3","12.1","0.1","0.1","17.6"
"Konata Mumpfield","LAR","6.6","83.7","0.8","0.0","0.0","0.0","0.1","16.1"
"Barion Brown","NO","7.2","91.4","0.4","0.0","0.0","0.0","0.1","15.1"
"Jalen Royals","KC","6.8","78.1","0.6","0.0","0.0","0.0","0.1","14.9"
"KeAndre Lambert-Smith","LAC","6.4","80.6","0.6","0.0","0.0","0.0","0.1","14.6"
"Laquon Treadwell","IND","7.1","78.3","0.4","0.0","0.0","0.0","0.1","13.7"
"Bo Melton","GB","5.1","65.8","0.4","2.2","12.7","0.1","0.1","13.4"
"Tay Martin","DET","3.4","40.7","0.3","4.7","25.7","0.3","0.1","11.5"
"Malachi Corley","CLE","3.4","33.7","0.1","6.4","43.9","0.2","0.1","11.2"
"Derius Davis","LAC","3.5","38.1","0.3","2.1","11.0","0.1","0.1","8.6"
"Dohnte Meyers","CIN","3.7","42.5","0.4","0.0","0.0","0.0","0.0","8.3"
"Xavier Smith","LAR","3.6","44.3","0.3","0.0","0.0","0.0","0.0","8.1"
"Efton Chism III","NE","3.5","42.7","0.3","0.0","0.0","0.0","0.0","7.8"
"Jacob Cowing","SF","3.3","44.1","0.3","0.0","0.0","0.0","0.0","7.7"
"Josh Cameron","JAC","3.2","39.9","0.2","0.0","0.0","0.0","0.0","7.0"
"Tai Felton","MIN","3.7","37.0","0.2","0.0","0.0","0.0","0.0","6.9"
"Jonathan Mingo","DAL","2.9","40.5","0.3","0.0","0.0","0.0","0.0","6.9"
"Darius Cooper","PHI","3.3","37.7","0.3","0.0","0.0","0.0","0.0","6.8"
"Reggie Virgil","ARI","3.4","39.2","0.1","0.0","0.0","0.0","0.0","6.4"
"Dareke Young","LV","3.3","38.3","0.1","0.0","0.0","0.0","0.0","6.3"
"Brycen Tremayne","CAR","3.3","36.0","0.2","0.0","0.0","0.0","0.0","6.1"
"Arian Smith","NYJ","0.0","0.0","0.0","4.3","23.7","0.2","0.0","3.5"
"Ben Skowronek","PIT","1.8","16.9","0.1","0.0","0.0","0.0","0.0","3.0"
"Kameron Johnson","TB","0.0","0.0","0.0","2.2","12.1","0.1","0.0","1.8"
"Kaden Wetjen","PIT","0.0","0.0","0.0","2.1","11.7","0.1","0.0","1.6"
"Braxton Berrios","NYG","0.0","0.0","0.0","0.0","0.0","0.0","0.0","0.0"
"Gunner Olszewski","NYG","0.0","0.0","0.0","0.0","0.0","0.0","0.0","0.0"
"Devin Duvernay","ARI","0.0","0.0","0.0","0.0","0.0","0.0","0.0","0.0"
"Tylan Wallace","CLE","0.0","0.0","0.0","0.0","0.0","0.0","0.0","0.0"
"Kevin Austin Jr.","NO","0.0","0.0","0.0","0.0","0.0","0.0","0.0","0.0"
"Skyy Moore","GB","0.0","0.0","0.0","0.0","0.0","0.0","0.0","0.0"
"Jalen Brooks","ARI","0.0","0.0","0.0","0.0","0.0","0.0","0.0","0.0"
"Nikko Remigio","KC","0.0","0.0","0.0","0.0","0.0","0.0","0.0","0.0"
"Tyrell Shavers","BUF","0.0","0.0","0.0","0.0","0.0","0.0","0.0","0.0"
"Mason Tipton","NO","0.0","0.0","0.0","0.0","0.0","0.0","0.0","0.0"
"Dont'e Thornton Jr.","LV","0.0","0.0","0.0","0.0","0.0","0.0","0.0","0.0"
"LaJohntay Wester","BAL","0.0","0.0","0.0","0.0","0.0","0.0","0.0","0.0"
"Ke'Shawn Williams","CIN","0.0","0.0","0.0","0.0","0.0","0.0","0.0","0.0"
"Myles Price","MIN","0.0","0.0","0.0","0.0","0.0","0.0","0.0","0.0"
""
""